Tweet,Polaridad,Subjetividad
"Resuelto, muchÃ­simas gracias , excelente servicio como siempre",1,1
"Muchas gracias, espero su dm",0.26,0.26
Muchas gracias!,0.25,0.2
Algo similar me paso. QuerÃ­a renovar mi token para poder hacer una transferencia antes de cerrar la cuenta y wow. Fue mÃ¡s fÃ¡cil sacar el dinero por ventanilla.,0.25,0.5125
Yeeeei! a travÃ©s de mi cuenta en acabo de contratar mi cuenta de ahorro con mi reto de 2023 para tener 25 mil pesos al final del aÃ±o. Tiene una sÃºper herramienta para domiciliar a mi cuenta eje y asÃ­ ahorrar disciplinadamente cada semana! Vamos !!! ğŸ’ªğŸ¼ğŸ’°,0.6510416666666665,0.6666666666666666
Esta es la seÃ±al que necesitan para tener el mÃ­nimo dinero en banamex,0,0
Gracias ğŸ˜,0,0
Muchas gracias ğŸ˜Š,0.26,0.26
"Yo no sÃ© mucho, pero te recomiendo la InversiÃ³n de . De los mejores rendimientos que he visto, y plazo a 7 dÃ­as. TambiÃ©n el de estÃ¡ chingÃ³n, pero tienen un lÃ­mite de 20k en inversÃ³n.",0.6,0.25
Gracias por la playera que me dieron en GalerÃ­as GDL.,0.2,0.2
buen dÃ­a...tengo problemas con mi cuenta,0.7,0.6000000000000001
Gracias,0.2,0.16
Mis Respetos para ustedes... Gracias por el servicio ğŸ™ŒğŸ»,0.2,0.2
"Si ya la bloquee y desbloquee y pude hacer el deposito en oxxo, gracias",0.2,0.2
"Ya todo bien, gracias ğŸ‘",0.44999999999999996,0.4
Milagro que me gano algo ğŸ«¶ğŸ»,0,0
Siii amigo jajaja estÃ¡ muy padre y puedes inveir y te da buen rendimiento ğŸŒš,0.3666666666666667,0.43333333333333335
nunca habÃ­a ganado nada antes âœ¨ hahaha,0.2,0.4
Con el CashBack de pude pagar mi servicio de internet. yei :),0.5,0.8125
Gracias!!!,0,0
"Listo, gracias",0.2,0.35
Si gracias,0.2,0.2
A mÃ­ me llegÃ³ una semana despuÃ©s aprox,0,0
hola buen dÃ­a tengo algunas dudas con mi cuenta podrÃ­an ponerse en contacto... Muchas gracias..,0.48,0.43000000000000005
Muchas gracias!,0.25,0.2
Muchas gracias ğŸ™,0.26,0.26
"Bloquea la tarjeta 5 minutos o mÃ¡s, posteriomente la vuelves a desbloquear y ya la agregas. Esa es la soluciÃ³n, me confirmas con un tweet por favor.",0.5,0.5
"Es de 35,000 UDIS (184,000).De todas las plataformas en las que he inveido las mejores son Finsus y cetes para largo plazo y HeyBanco es para mi la mejor opciÃ³n para tu fondo de emergencia , ya que tienes liquidez semanal. En Finsus tengo al rededor del 90% de mi poafolio.",0.65,0.3333333333333333
Excelente Gracias por responder ğŸ™ estaremos muy atentos ğŸ¤,0.5733333333333334,0.7333333333333334
"Pues bueno, me quedÃ© sin cena, muchas gracias ğŸ‘",0.26,0.26
"Gracias e igualmente, bendiciones ğŸ™",0.2,0.2
Vale estoy esperando,0.5,0.5
Muchas gracias espero la respuesta,0.26,0.26
Me ganÃ© 99 pesitos de crÃ©dito en Amazon coesÃ­a de QuÃ© agradables sujetos ğŸ˜,0.7333333333333334,0.9666666666666667
es mejor,0.5,0.5
ContÃ©stenme por favor,0,0
Muchas gracias que amables ğŸ˜Š,0.3175,0.38
"heybanco muchos aÃ±os como cliente de bancomer y me encontre con y la verdad estoy muy agusto con los servicios, la app y las tarjetas debito y credito",0.51,0.75
amigos les mandÃ© dm gracias,0,0
solicito su ayuda gracias,0.2,0.2
Gracias!Ya respondÃ­.Quedo atenta,0.325,0.55
Va gracias,0.2,0.2
No sÃ© ni a quÃ© le piquÃ© pero muchas graciasğŸ˜‚â¤ï¸,0.2,0.3
"PlaneaciÃ³n de temporada 2023 de los equipos, gracias a por la ocnfianza desde el dÃ­a 1 y se viene la bomba de patrocinio con vamos por el doblete!!!}@DavilaCarloss",0.2,0.2
Por eso son mi banco 1 â­â­â­â­â­,0,0
Gracias,0,0
Thanks!,0.25,0.2
Muchas gracias!,0.25,0.2
"Muchas gracias, me ayudÃ³ lo suficiente, el cargo ya no procediÃ³, se poaron muy bn aun cuando no me pude comunicar por telÃ©fono, fueron muy amables, mil gracias por su interÃ©s se hizo cargo de todo",0.414375,0.5475
"IncreÃ­ble, gracias HeyBanco!!@heybanco",0.60625,0.55
Me contestaron que sÃ­.,0,0
Gracias,0.2,0.16
Gracias!,0.2,0.16
Graciaaas.,0.2,0.16
"Gracias por estar al pendiente,estoy segura que se va a poner las pilas para que lleguen los incentivos, si no estarÃ© pidiendo su apoyo.",0.35,0.5444444444444444
"ğŸ’°La sexta opciÃ³n estÃ¡ opciÃ³n es de las mejores, su pagarÃ© a 7 dÃ­as es el mejor del mercado con tasa del 10% anual solo que la inversiÃ³n aquÃ­ es desde $5,000, tiene un plan de metas que te dan rendimiento a mes vencido del 4% y tÃº dinero disponible en cualquier momento",0.6,0.5
ğŸ‡¬ğŸ‡¹ quÃ© buena onda por vos David ğŸ‘ğŸ‘ a disfrutarlo!!!,0.740625,0.55
Â¡Gracias,0.2,0.16
"Eso se agradece, el aviso ğŸ‘ğŸ¼ğŸ‘ğŸ¼ğŸ‘ğŸ¼ğŸ‘ğŸ¼ğŸ‘ğŸ¼",0.2,0.1
"Gracias, ya se ve reflejado. Solucionado. Gracias",0,0
"Listo, gracias!",0.225,0.35
Muchas gracias!,0.25,0.2
Los tkm â™¥ï¸,0,0
"CoesÃ­a de AnÃ­mense a sacar cuenta de Hey, muchas gracias por el regalo c:@nei_aokii",0.26,0.26
te lo sÃºper recomiendo. Y no te cobran el plÃ¡stico.,0.3333333333333333,0.6666666666666666
"Afounadamente, en MÃ©xico tenemos , que nos da el 10% de lo que tenemos en la cuenta! ğŸ‘ŒğŸ¼",0.4,0.7
"Muchas gracias por darme respuesta, ya se solucionÃ³ mi problema, excelente dÃ­a!",0.63,0.63
Gracias !,0,0
"Muchas gracias, el equipo de me ayudÃ³ a resolver el problema y me dieron la recompensa que ganÃ©.",0.26,0.26
Gracias ! Este mes me tocÃ³ boletoDorado,0.2,0.16
Bello!,0,0
AÃºn hay esperanza.. congrats !!,0,0
Gracias ğŸ˜ŠğŸ˜ŠğŸ˜Š,0.2,0.16
Gracias.,0.2,0.16
Muchas gracias ğŸ‘ŒğŸ‘Œ,0.26,0.26
Gracias por mi premio de boletodorado ya canjee mi tarjeta de regalo,0.2,0.2
TÃ­o gracias por mi boleto Dorado. Ya por fin me tocÃ³ algo.,0.16666666666666666,0.5666666666666667
No mames que buena suee!,0.875,0.6000000000000001
"segundo premio, espero lleguen mÃ¡s",0.25,0.25
Gracias!!!,0.2,0.16
Gracias â˜ºï¸,0.2,0.16
Gracias por el apoyo con el seguimiento,0.2,0.2
Gracias tio hey! Esto nos ayuda bastante.,0.2,0.2
Muchas gracias Un mes gratis de,0.33,0.53
MuchÃ­simas gracias ya me resolviÃ³. Saludos!,0.325,0.26
Vale gracias ğŸ˜ƒ,0.2,0.2
Ya funcionÃ³. Como que se cayo sÃ³lo por unos segundos. Estuvo raro. Muchas gracias,0,0.43333333333333335
Gracias por ser pae de el FC Barcelona,0.2,0.2
cuando me darÃ¡n un crÃ©dito tradicional ya llevo mÃ¡s de un aÃ±o con una tarjeta de credito en garantÃ­a y he cumplido con mis pagos en tiempo y forma,0.25,0.625
Ok gracias,0.35,0.35
"Despues de estar 1 aÃ±o probando la tarjeta de CrÃ©dito de puedo decir que es muy buena y ni hablar de la cuenta de dÃ©bito, realmente en temas de seguridad en transacciones, MUY TOP. tqm Hey.",0.4366666666666666,0.42666666666666675
"Amistad, usa si usas tu tarjeta 6 veces al mes en compras de $100 pesos te vuelves â€œHeyProâ€ y tu inversiÃ³n te da un rendimiento de 10% anual que estÃ¡ sÃºper sÃºper bien con comparaciÃ³n a otros bancos o inveir a 25 aÃ±os con Allianz a mi me explicÃ³ mi prima y suena rebien",0.3104166666666667,0.5770833333333334
Excelente,0.8,0.75
"Vientos, gracias",0.2,0.2
me encantaria presumir mi premio de boleto dorado... Si tan solo existiera...,0.26666666666666666,0.7000000000000001
me pueden proporcionar el link para invitar a mÃ¡s gente y tener mi beneficio.Gracias,0.5,0.5
Gracias ğŸ‘ğŸ¼,0,0
"Gracias, lo checo",0.2,0.2
Â¿Ya no habrÃ¡ Viaje Financiero del 2022?ğŸ˜£ estaba muy buena esa informaciÃ³n,0.45499999999999996,0.39000000000000007
Gracias por el dato y cÃ³mo fue soeo ğŸ‘€?,0.2,0.2
"Buen dÃ­a, como me.pueden ayudar ya que me realizaron un deposito a mi cuenta de credito pero lo necesito a la de crÃ©dito",0.7,0.6000000000000001
Muchas gracias,0.2,0.2
Gracias ya se solucionÃ³. Buenas tardes,0.2,0.2
Lo realizarÃ©.Gracias.,0,0
En Diciembre me gane una tarjeta de regalo en Amazon con el ticket dorado de HeyBanco y me compre esto:*se emociona en seÃ±ora*,0.3375,0.625
Me funcionÃ³ mil gracias,0.2,0.2
Gracias pero no es necesario. es una buena opciÃ³n. Hasta el momento no he tenido problemas graves con ellos solo es adaptarme a sus procesos. Pero aÃºn asÃ­ creo que van por buen camino. Aunque en ocasiones me hagan enojar,0.075396825,0.667063492
Mmm. te da el rendimiento del 10% Es buena opciÃ³n.,0.7,0.6000000000000001
Gracias por mi aumento de crÃ©dito en mi tarjeta ğŸ’³!! Muy contenta con sus servicios! â™¥ï¸,0.65625,0.6
Hablando de Ajolotes el banco sacara esta tarjeta y me encanto.. ğŸ‘ŒğŸ¼ğŸ˜Š,0.7,0.8
"serÃ­a la mejor TDC si se pudiera realizar pagos por adelantado en los meses sin intereses como en otras cuentas, siendo una opciÃ³n excelente para muchos usuarios",0.475,0.5349999999999999
"Casi me rindo cuando no obtuve ayuda del equipo de sopoe, afounadamente alguien aquÃ­ me refiriÃ³ a en twitter EnvÃ­ale un mensaje privado y me lo arreglÃ³, todo gracias a Ã©l, contÃ¡ctalo ahora.",0.075,0.29375
Gracias por ser el mejor banco âœ¨,0.6,0.25
"HeyBanco tiene pagarÃ©s semanales con 10% anual. O sea, a la semana ya obtienes rendimientos y eso lo puedes reinveir en el siguiente pagarÃ© (de forma automÃ¡tica). Como generas interÃ©s compuesto muy rÃ¡pido, es muchÃ­simo mejor que el 11% anual de CETES.",0.25333333333333335,0.4266666666666667
"Alch, hechate unas investigadas de CETES, GMB y Hey+. CETES si ocupas investigar chido pero es muy seguro y Hey+ con HeyBanco es dinero seguro y rapido pero poco.",0.29062499999999997,0.5625
Excelente servicio de atenciÃ³n a clientes en HeyBanco 10/10,1,1
Por primera vez ganÃ© algo en el boleto dorado de mi d'Or los quiero mucho ğŸ¥°ğŸ–¤,0.3275,0.4233333333333333
Ok muchas gracias ğŸ˜Š,0.38,0.38
Gracias. Porque tengo una duda,0,0
Â¡Gracias a ti por formar pae de esta gran familia!,0.6,0.475
"DespuÃ©s de lo de hoy, la vida y mi banco favorito dijeron: ten un tarjeta de regalo para que te eches un Starbucks y te relajes un rato.",0.5,1
100 % recomendado la vdd,0,0
Para ver si eres fit y viable para seguros de vida! XD,0.4,0.4
"Que interesante lo que encontrÃ© en los permisos que utiliza la aplicaciÃ³n de â¦@heybancoâ©, estaba activada, como para que lo necesitan?",0.5,0.5
"Yo la eh pensado cambiar mi nomina con ellos, la tengo con y muy agusto.Que bueno que me dicen para no sacar tarjeta ahÃ­",0.2,0.3
"gracias!!!! ahora, vi algo en relacion a transferencias internacionales... donde veo informaciÃ³n?",0,0
"Pues mÃ¡s vale, la verdad",0.5,0.5
Ya estÃ¡ todo listo..,0.2,0.5
Me acaba de llegar la constancia fiscal de y el aÃ±o pasado ganÃ© $2400 nomas de tener mi dinero guardado con ellos. 10/10,0,0.066666667
JamÃ¡s al menos la amex la primera anualidad es gratis y te da beneficios por compras el primer aÃ±o y bonos.,0.15000000000000002,0.4666666666666667
"Gracias por la respuesta, estarÃ© al pendiente",0.2,0.2
Hola buenas tardes,0.7,0.6000000000000001
"Buen dÃ­a, muchas gracias! Ya respondÃ­ al DM. Me tardÃ© porque pensÃ© que no respondÃ­an en la noche hehe",0.44999999999999996,0.45000000000000007
Gracias,0,0
Tqm gracias por poner retiros en cajeros hsbc es el q tengo mÃ¡s cerquita,0.35,0.35
"real esa tarjeta es la neta, en general el banco es 10/10",0.083333333,0.26666666666666666
Que bueno que perdÃ­ mi tarjeta porque necesitaba una nueva con este diseÃ±o.,0.41818181818181815,0.5272727272727273
.@heybanco tqm ğŸ«¶ no solo es de los mejores bancos con su producto TDC o pagarÃ©s bancarios (inveir). AdemÃ¡s sabe que ando de forÃ¡neo y me regalo dinerito en Amazon ğŸ˜Œcon mi boleto dorado,0.43333333333333335,0.6
"Hola buen dÃ­a, Al solicitar una tarjeta con diseÃ±o nuevo tengo que utilizarla?ReciÃ©n esta por llegarme la metÃ¡lica, sin embargo me atraen mucho los diseÃ±os como coleccionableâ€¦ y no quisiera pedir una y perder la metalğŸ¤”",0.11212121212121211,0.6181818181818183
"Gracias, hasta ahorita los amo ğŸ’™",0.32857142857142857,0.44523809523809527
Gracias bro,0.2,0.2
"Gracias, ya lo enviÃ©.",0.2,0.2
"Gracias por responder, quedo en espera de la soluciÃ³n al problema.",0.2,0.16
yo hice varias transferencias hace rato y todo bien,0.35,0.30000000000000004
Estoy muy contesta de compairles esta colaboraciÃ³n que hice con Hey Banco,0.2,0.3
"Ah ya, gracias, mencionas lo evidente sin nada de relevancia, excelente comentario.",0.4,0.65
â€œAgradecemos tu comprensiÃ³nâ€ jaja increÃ­ble,0.2,0.3
Es correcto. De BBVA a BBVA sin problemas. Ya en Hey avisaron que hasta las 7 aproximadamente.,-0.4,0.6
Gracias ya les respondÃ­,0.2,0.2
Listo!! Gracias,0.24,0.16
Perfecto! Gracias â˜ºï¸,0.21,0.19
Pero que tremenda sabidurÃ­a ğŸ‘ me quede anonadado con este mensaje yo creÃ­a que la cantidad que ponÃ­a de garantÃ­a se utilizaba para los niÃ±os sin alimento o para los indigentes y que con eso ya despuÃ©s te entregaban una tarjeta de crÃ©dito ğŸ’³ ğŸ˜± que tremenda explicaciÃ³n,0.3333333333333333,1
Esta padrisima la tarjeta!!,0.25,0.3
"EstÃ¡ muy bonito, me hace considerar adquirir la tarjeta",0.78,1
Gracias. Ya le mande todos mis datos de mi tarjeta.,0.2,0.13
"SÃ­, sin problema:D",1,1
"La primera no habÃ­a sido la de chichen itza ?Estoy esperando esa, pero este modelo estÃ¡ bonito tambiÃ©n.",0.55,0.6666666666666666
"Tengo BBVA y Bancoppel, las dos trabajan a la perfecciÃ³n.",1,1
Entiendo le agradezco el comentario y como sugerencia me gustarÃ­a recibir una notificaciÃ³n correo o texto de que el servicio no estarÃ¡ disponible para no caer en esta situaciÃ³n ya que me sirve de mucha utilidad la tarjeta y me gustarÃ­a seguir con ustedes.,0.395,0.2
Que bien! ğŸ‘ğŸ¼,0.1,0.11
"Me siento poderosa !!! Gracias , estoy muy contenta !!!!ğŸâœ¨ğŸ‘‘",0.5953125,0.7333333333333334
Esta bien,0,0
"Yo la tengo y es una maravilla, Servicio eficiente y la app de primera. Â¡Â¡Â¡Altamente recomendable!!!!!",0.881469727,0.6666666666666666
"Ay no, yo ya tengo la mia y ese diseÃ±o esta super cool !!!",0.5084635416666666,0.6583333333333333
"Animense, ya casi un aÃ±o con la tarjeta de credito heygarantizada y sin problemas, incluyendo en el extranjero",0.03,0.4
"Gracias, segÃºn recuerdo esto ya lo habÃ­a hecho el dÃ­a que la fuÃ­ a activar pero volverÃ© a hacerlo tanto para la TDD cÃ³mo la TDC, gracias:)",0.35,0.6
Mucho exito! heybanco,0.2,0.2
"Hola muchas gracias por su respuesta en DMğŸ‘Œ, con lo que me indicaron ya logre hacer el movimiento que requeria",0.26,0.26
Â¡Manifiesto!âœ¨ï¸ Hoy fui y salÃ­ enmoradÃ­sima. Me subÃ­ y asÃ­ casi que me voy a dar una vuelta Â¡Hermosisimo el carro! Â¡HÃ¡ganme la buena!â¤ï¸â€ğŸ”¥ğŸ™ğŸ’•,0.875,0.6000000000000001
Ustedes son mi banco y la verdad lo estan haciendo muy bien!,0.25,0.3
DefinitivamenteğŸ‘†ğŸ½,0,0.5
Gracias por secuestrar la plata en Ahorro ğŸ¤¦â€â™‚ï¸Bitcoin fixes this... literalmente eso me salva ğŸ™„,0.2,0.2
Gracias la transferencia fue aplicada al dÃ­a siguiente,0.1,0.1
"Gracias, ya lo resolvÃ­ jajaja, me equivoquÃ©",-0.033333333,0.5
QuedÃ³ aclarado el tema. Gracias.,-0.166666667,0.3333333333333333
eso es bueno saberlo,0.7,0.6000000000000001
Gracias por la informaciÃ³n ğŸ™,0.2,0.2
Gracias!,0.21,0.16
Listo!!!,0,0
"Se cayÃ³ la app de todo ha sido una buena experiencia con ustedes, no me fallen cuando se les necesita",0.475,0.45000000000000007
La verdad es menos tedioso el proceso de hablar con alguien en me agrada mucho la experiencia.,-0.333333333,0.5333333333333333
"Gracias, ya les contestÃ©",0.2,0.16
ayuda!!!,-0.07,0
"Si gracias, les volvÃ­ a contestar hace un par de horas",0.2,0.2
"Fue mÃ¡s rÃ¡pido marcar, tuve que hacer una caa de hechos en donde ponÃ­a los datos que querÃ­a cambiar y ya lo hicieron, por fin pude instalar el Token. el chico que me atendiÃ³ sÃºper bueno y amable! Se llama Christhian HernÃ¡ndez â¤ï¸",0.3444444444444444,0.7555555555555555
"me avisan si van a la quiebra, para sacar mi dinero de inversiÃ³n a 7 dÃ­as porfas y muchas gracias de antemano los amo âœ¨â¤ï¸â€ğŸ”¥",0.38,0.43
"Yeah, son los mejores a pesar del veto",1,0.3
Muchas gracias!,0.25,0.2
"solucionado, muchas gracias ğŸ«¶ğŸ¼",0.26,0.26
Ya se puede,0,0
Gracias!,0.2,0.16
Gracias :),0.5,1
"Me siguen hablando en horario laboral.El que su personal de DHL descuide su trabajo, no significa que yo tenga que descuidar el mÃ­o.Si me van a hablar, que sea despuÃ©s de las 15 hrs o 3 pm.Agradezco que Ã©sta vez si lean mi horario y me hablen cuando puedo atender el telÃ©fono.",0.15625,0.6875
Exacto puntos lealtad que solo se cambian en su tiendaPor lo menos en Santander si tienda tenÃ­a tecnologÃ­a y aÃ­culos para el hogar Mejor que lo cambien por mÃ¡s cashback,0.19,0.53
Verdaderamente el mejor banco que hay ğŸ’–âœ¨ los tqm mucho ğŸ¤ ,0.6,0.25
Excelente!!,1,0.75
Excelente,0.8,0.75
Muy bien excelente,1,1
"Me gane un mes de Spotify y no soy usuario ğŸ˜„, mejor que me cambien mi tarjeta, me gusta mÃ¡s la blanca del negocio. ğŸ˜",0.25,0.25
es excelente! Yo eh trabajo varios aÃ±os con ellos y todo perfecto,0.5,0.5
Super! OjalÃ¡ que esto pueda ser corregido en la app entonces. ApareciÃ³ asÃ­ hace unos dÃ­as de repente. Gracias!Cc.,-0.25,0.1
"Ya les contestÃ©, gracias",0.2,0.2
Listos !!!!!!!!,0.953674316,0.5
"Gracias ya los conocÃ­, los use, y hoy los dejo, definitivamente no son lo mio, pero si los recomiendo! ğŸ‘ Bancos fintech mexicano",0,0
"CÃ¡mbiate a HeyBanco, hasta el momento es la mejor que he probado. Te dan 2% de todo lo que gastas, y es dinero gratis si eres como yo que siempre paga a tiempo y nunca paga intereses.",0.5,0.7000000000000001
Wwwooowww que maravilla felicidades y por supuesto que ahÃ­ estarÃ© para disfrutar de mi Chica Dorada,0.5666666666666667,0.6666666666666666
En verdad les agradezco ya que no tengo la tarjeta de dÃ©bito y la necesito,0.2,0.2
Muchas gracias por la informaciÃ³n ahÃ­ nos vemos el 3 de Junio,0.26,0.26
Es una DJ increÃ­ble,0.9,0.9
Muchas graciasQuedo en esperaSaludos.,0.26,0.26
La Supermana hermosa ğŸ’•,0.85,1
Gracias por el seguimiento!,0.25,0.2
mi primera tdc ğŸ’³ğŸ’“ thx,0.1,0.14
Gracias por su respuesta,0.2,0.2
"Gracias, espero su pronta respuesta de agradecimiento",0.2,0.2
Estoy sorprendido como permite que se organicen esas cosas. ğŸ¤®,0.1,0.9
"Gracias, como siempre super buena y rÃ¡pida, la atenciÃ³n de su pae.",0.41111111111111104,0.6222222222222222
Muchas gracias :),0.35,0.6
"Hola Quiero decirles que muchas gracias por el seguimiento a mi problema sobre el Token, ya quedo resuelto Muy buena atenciÃ³n, al final no fue problema de pae suya sino de mi operadora Saludos.",0.585,0.52
Gracias,0.2,0.16
Hey ya no nos hagan sufrir mÃ¡s a los de la dinÃ¡mica de tikitoki jajaja ğŸ˜­ğŸ’–,0.2,0.4
Que tal buen dia. Necesito ayuda.,0.7,0.6000000000000001
"Excelente servicio en atenciÃ³n a clientes ğŸ«¶ğŸ», nunca cambien! â¤ï¸",1,1
OJITO ahÃ­ con las dinÃ¡micas de el dÃ­a de hoy gane una dinÃ¡mica para un abono del pal noe en donde me etiquetaâ€¦,0.15,0.18333333333333335
Saludos bro. Gracias por ver los vÃ­deos.,0.14,0
Gracias!,0.2,0.16
"Gracias, tocayo. Soy tu fan. ;)",0.225,0.6
Â¡Hola! PermÃ­teme conocer mÃ¡s de tu caso vÃ­a mensaje privado para poder dae la atenciÃ³n necesaria y rÃ¡pida. Â¡Saludos!,0.25,0.62
OJITO ahÃ­ con las dinÃ¡micas de el dÃ­a de hoy gane una dinÃ¡mica para un abono del pal noe en donde me etiquetaâ€¦,0.15,0.18333333333333335
o fÃ¡cil,0.43333333333333335,0.8333333333333334
Gracias,0.2,0.16
"Hola! Ntp despuÃ©s de otros intentos me pudieron asistir, gracias!",-0.15625,0.375
Si la anualidad es de $999. Si juntas $100k estas libre de la anualidad. Mucho mejor que ese pedazo de metal VISA Standard,0.3,0.43333333333333335
"exacto, todas son duales",0.25,0.25
Por eso Fondeadora Metal es World Elite;),0.25,1
Ok gracias,0.35,0.35
"Gracias a Dios, JAJAJA.",0.2,0.4
igual a mi con amazon.,0,0.25
This is the oppounity of a lifetime! Gotta watch this web3 developer's MEV strategy video and learn how to make some serious cash with crypto.,-0.333333333,0.6666666666666666
"Ese hombre merece que le mandes ademÃ¡s de tan grata felicitaciÃ³n una foto especial, Ãºnica y sin censura autografiada x la Diosa de TW.",0.36636904761904765,0.7595238095238095
Que Dios le pague con muchos hijos.,0.5,0.5
"No te habÃ­a dicho que conozco a Angel, pero es muy tÃ­mido, si gustas yo le hago llegar el presente",-0.325,0.325
"Gracias, ya recibÃ­ el cÃ³digo ğŸ‘",0.2,0.2
"tambiÃ©n agradezco mucho a las personas que han querido hacer donaciones para el vestuario, sin duda lo agradezco y aprecio enormemente; si ustedes gustan donar algo pueden hacerlo a la clabe 058597000024431851 en HeyBanco a nombre de Noris Vargas G. (Sin embargo tambiÃ©n pueden",0.21428571428571427,0.5714285714285714
Jajaja muy bien!,0.225,0.35
OJITO ahÃ­ con las dinÃ¡micas de el dÃ­a de hoy gane una dinÃ¡mica para un abono del pal noe en donde me etiquetaâ€¦,0.15,0.18333333333333335
Amigues por primera vez en mi vida gane una dinÃ¡mica JAJAJAJAJA Gracias no gane el pastel pero si esta dinÃ¡mica âœ¨,0.01,0.31333333333333335
Teniendo tantas juntas de Cashback y viendo los beneficios me dan ganas de sacar mis tarjetas de &amp;,0.5,0.5
"tambiÃ©n agradezco mucho a las personas que han querido hacer donaciones para el vestuario, sin duda lo agradezco y aprecioâ€¦",0.21428571428571427,0.5714285714285714
"Gracias, supongo que es asÃ­ por semana santa, correcto? Saludos!",0.2,0.16
"Gracias, estarÃ© pendiente a quÃ© me responda",0.25,0.25
"Es que hay un secreto para que te contesten rÃ¡pido, te lo cuento cuando estemos bebiendo y no, ojalÃ¡ me paguen, me resuelven sÃºper rÃ¡pido.",0.11666666666666665,0.6166666666666667
Muchas gracias!,0.25,0.2
Muchas gracias ya me comuniquÃ© y me dieron folio de seguimiento respecto a mi situaciÃ³n y estoy en espera que me revuelva lo antes posible!,0.13,0.63
Gracias a Tamos readys en PalNoe ğŸ¦,0.2,0.2
"Bueno, intento mÃ¡s tarde, muchas gracias, Maite!! Un gusto saludaeâ˜ºï¸",0.203125,0.13
"Habla al nÃºmero que estÃ¡ en la tarjeta, yo lo hice asÃ­ y no tuve ningÃºn problema en espaÃ±a ;)",0.25,1
"Te cuento lo que hice Yo tampoco tenÃ­a Historial pero tenÃ­a la de Nubank y hasta ahÃ­ todo bien, posterior fui con Heybanco, y realmente no interesaba usar su tarjeta.Pero vi que tenÃ­a un pagare y me interesÃ³Me registre a la cuenta, no solicite plÃ¡stico ni nada",0.44999999999999996,0.4
Ya resolvÃ­ gracias,0.2,0.2
Gracias por darnos agÃ¼ita en para no morir de disenterÃ­a por el agua puerca de los bebedores de ğŸ¤¢,0.2,0.2
Buenas tardes,0.7,0.6000000000000001
"Â¿Adivinen dÃ³nde estoy?Â¡Que buena experiencia, !",0.875,0.6000000000000001
"5/ Seguramente veremos a y dando mÃ¡s noticias de innovaciÃ³n y servicios, pero sobre todo generando mÃ¡s competencia en la industria financiera, lo cual beneficia a todos los usuarios.BancaDigital NuMÃ©xico HeyBanco InnovaciÃ³n CompetenciaFinanciera Fintech",0.3,0.3977777777777778
"4/ La gran ventaja de es su experiencia de 5 aÃ±os en el mercado, ganando terreno entre los jÃ³venes por sus servicios y por patrocinar festivales de mÃºsica, lo que les permite crecer junto con sus clientes.",0.45,0.575
Gracias les volvÃ­ a contestar el dm,0.2,0.16
"Gracias hey banco, solucionaron el problema.",0.2,0.2
MuchÃ­simas gracias,0.2,0.2
Muchas gracias por su respuesta tan pronta.,0.18,0.28
"gracias por la pronta devoluciÃ³n, me sirvio para pagarle a",0.2,0.2
Muchas gracias mando DM a la brevedad,0.13,0.63
No mÃ¡ gracias tÃ­o estuvo fantÃ¡stico este descuento del 50% en mi checkup en,0.11666666666666668,0.5333333333333333
"Super, gracias.",0.26666666666666666,0.43333333333333335
"Correcto, esperarÃ© el contacto por pae de ustedes para arreglar la situaciÃ³n de mi inversiÃ³n hey pro al 10%",0,0
muchas gracias,0.2,0.2
"Excelente, muchas gracias por su sopoe, tÃ­o hey. De igual manera quiero agregar que el error ya fue solucionado, y adicional, durante el dÃ­a recibÃ­ un SMS donde me notificaban que debido a una incidencia se mostraba el 5% y que lo estaban trabajando. Nuevamente gracias ğŸ«‚",0.28375,0.44
Muchas gracias. Voy a comunicarme entonces.,0.2,0.16
"EstÃ¡n en proceso de resolver segÃºn mensajes que me estÃ¡n enviando los de hey banco, saludos.",0.15,0
Gracias,0.2,0.16
Ya me llego gracias,0.2,0.16
"Un gusto saludae Erich, ponemos a tu disposiciÃ³n nuestra cuenta de correo electrÃ³nico en la que con gusto atenderemos tus dudas, escrÃ­benos: asesoria@condusef.gob.mx , recuerda que CONDUSEF te apoya.",0.5,1
el mejor banco &lt;3,1,0.3
"Uno de los productos mÃ¡s esperados del aÃ±o!!!! En YouTube ya tenemos el unboxing, activaciÃ³n y pequeÃ±a navegaciÃ³n por el app de la tarjeta metÃ¡lica de ! Les compao el link del video: TarjetaDeCrÃ©dito HeyBanco",0.375,0.45
Es la mejor que he visto hasta ahora,0.55,0.65
Excelente muchas gracias,0.63,0.63
muchas gracias por su respuesta!,0.325,0.26
"Llamar para pelear a me resta tiempo, kilos, neuronas, prÃ¡cticamente me resta vida ese banco pitero.",-0.6,0.5
"hola, excelente tarde, me podrÃ­an ayudar con algo. Les mandÃ© DM, por favor, muchas gracias ğŸ™",0.63,0.63
Me encanta que HeyBanco ya te manda notificaciÃ³n cuando se hace el cobro ğŸ¤™ğŸ¼,0.5,0.6
tienen algÃºn tiempo estimado de respuesta,0,0
"Conociendo la contraseÃ±a y el usuario, se puede entrar fÃ¡cilmente desde otro dispositivo y sin que te llegue algÃºn tipo de notificaciÃ³n por vÃ­a SMS y correo electrÃ³nico, esto lo sabes muy bien",0.31666666666666665,0.5666666666666667
Eso explica todo,0,0
"Hola si, hoy por la maÃ±ana ya tenÃ­a de nuevo mi usuario y funcionÃ³ con normalidad mi app",0.15,0.6499999999999999
"Yo tengo la de garantÃ­a ğŸ˜¸, pero creo que voy bien, hasta cuÃ¡ntos meses se puede la de las normales, tengo inversiÃ³n, nÃ³mina y cuenta de dÃ©bitos ahi :)",0.3833333333333333,0.7166666666666667
Que bueno que no cambie mi nÃ³mina a,0.7,0.6000000000000001
Gracias por avisar,0.2,0.2
"Buen dÃ­a, les enviÃ© un mensaje, espero me puedan ayudar. Gracias.",0.7,0.6000000000000001
"Buenos dÃ­as, una vez mÃ¡s sigo en espera",0.7,0.6000000000000001
Gracias ya quedÃ³ resuelto,0.2,0.2
QuÃ© tengas excelente mitad de semana.ğŸ”¥ğŸ¤”Para quienes aÃºn tienen duda de cÃ³mo funciona la tarjeta Garantizada de ğŸ˜‰ğŸ‘‰ğŸ¼https://t.co/b6iYPqXW4F,0.4166666666666667,0.5833333333333334
solicito apoyo,0,0
QuÃ© tengas excelente mitad de semana.ğŸ”¥ğŸ¤”Para quienes aÃºn tienen duda de cÃ³mo funciona la tarjeta Garantizada de ğŸ˜‰â€¦,0.4166666666666667,0.5833333333333334
Ya quedÃ³. Muchas gracias.,0.2,0.2
"Ok, gracias",0.35,0.35
Todo resuelto Gracias equipo,0.2,0.2
"Agradecido con que me ayudaron con una aclaraciÃ³n rapidÃ­simo, cada dÃ­a mÃ¡s feliz de haber dejado la banca tradicional por ustedes! ğŸ™Œ",0.14444444444444446,0.4666666666666666
Muchas gracias ğŸ«¶,0.26,0.26
Hola buen dÃ­a,0.7,0.6000000000000001
Gracias !,0.2,0.16
"Listo, enviado! Saludos",0.2,0.5
Me gusta heybanco para bajarles el mandado a los bancos espaÃ±oles que dominan este paÃ­s,0.04,0.3
yo presumiendo el 10% anual de HeyBanco y que Klar decide sacar 14%â€¦ muy tentador,0.2,0.3
YA RESUELVEME ME URGE HACER UNA COMPRA,-0.4,0.44
"Recomiendo ampliamente que usen y como alternativas a los llamados bancos tradicionales. Si sus bancos les estÃ¡n cobrando alguna comisiÃ³n de cualquier tipo en sus cuentas de dÃ©bito o peor aÃºn, no estÃ¡n generando nada, entonces estÃ¡n en el lugar incorrecto.",-0.08,0.71
Gracias. Saludos,0.24,0.1
Gracias! Ya les respondi!,0.2,0.16
"Okay, Gracias",0.35,0.35
"Listo, ya se los mandÃ© , gracias .",0.2,0.35
Con Hey siempre tienes el control de tus finanzas y ahora tambiÃ©n el de todos tus movimientos gracias a las notificaciones quâ€¦,0.2,0.2
gracias!,0.23,0.16
Con Hey siempre tienes el control de tus finanzas y ahora tambiÃ©n el de todos tus movimientos gracias a las notificaciones quâ€¦,0.2,0.2
Eficiencia,0,0.1
Muchas gracias nunca me contestÃ³. Afounadamente ya ha quedado resuelto.,0.26,0.26
"Â¡Hola! Abre tu Cuenta Hey y obtÃ©n un boleto dorado cada mes para ganar.https://t.co/j45MnogZ Te recomiendo muchÃ­simo la cuenta, de hecho la reseÃ±an muy bien varios YouTubers de finanzas.",0.325,0.3875
Muchas gracias por el Boleto Dorado â˜ºï¸,0.28,0.38
Gracias por la apoaciÃ³n. Saludos,0.2,0.2
Esto es lo que yo llamo ServicioalCliente Mexico de verdad asÃ­ es que un banco debe tratar a un cliente no es nada mÃ¡s meter el dinero. Aprendan,0.25,0.3125
"Buen dÃ­a, es mÃ¡s fÃ¡cil que usted obtenga el crÃ©dito con alguna caja popular, no hay peor lucha que la que no se hace, saludos",0.7,0.6000000000000001
Gracias,0.2,0.16
Gracias quedÃ³ en espera,0.2,0.2
les dejÃ© un DM solicitando de su valioso apoyo.Saludos,0.1,0.2
Muchas gracias Un mes gratis de,0.33,0.53
"Gracias, ya enviÃ© mi duda",0.2,0.2
Gracias por responder! Me da mucho gusto que te hayan solucionado rÃ¡pido. OjalÃ¡ asÃ­ sea mi caso ğŸ¤ğŸ¼Saludos,0.42500000000000004,0.6
"Gracias lic hace tres aÃ±os, si usted dice que no me deben negar volverÃ© a hacerlo, muy amable por su atenciÃ³n un abrazo",0.49,0.6
"Muchas gracias, si lo harÃ© de nuevo un abrazo fuee ğŸ«¶",0.3466666666666667,0.4966666666666667
Por favor . Gracias,0.44,0.02
"Gracias, saludos",0.2,0.2
Muchas gracias por responder!Acabo de lograr el desbloqueo!,0.40625,0.26
"JAJAJAJJAJA VIC, trabajo en hey, cualquier duda no dudes en mandarme mensajitoğŸ«¶ğŸ»",0.2,0.6
Gracias,0,0
Las de tienen buenos diseÃ±os.,0.7,0.6000000000000001
Con Hey siempre tienes el control de tus finanzas y ahora tambiÃ©n el de todos tus movimientos gracias a las notificaciones quâ€¦,0.2,0.2
"Gracias, estoy al pendiente de la informaciÃ³n.",0.25,0.25
Yo fui muy feliz por muchos aÃ±os con la Santander Free hasta que me cambiÃ© a HeyBanco y su tarjeta me pareciÃ³ una chulada. Recomiendo ampliamente.,0.515,0.71
Hola. En mi caso me comuniquÃ© al 81 4392 2626 y allÃ­ me resolvieron. Por founa fue algo sencillo y rÃ¡pido Â¡Suee!,0.125,0.47857142857142854
MÃ¡s fÃ¡cil que Now saque sus tarjetas de crÃ©dito,0.12,0.55
"Perfecto, irÃ© a un punto Hey. Gracias, bebÃ© LOL",0.9,0.85
"He probado 4 bancos tradicionales diferentes y hasta el momento el mejor manejando MSI, ha sido âœ…Te permite ver exactamente cuÃ¡nto debes en total. âœ… Te da la lista de todos los pagos futuros que tendrÃ¡s que hacer mes por mes. âœ… Te da cashback de 2% en efectivo.",0.22142857142857145,0.46071428571428574
Oye ğŸŒ QuÃ© excelente tiempo de respuesta y amable personal en tu centro de atenciÃ³n â™¥ï¸ ğŸ¥°,0.56875,0.65
Listo muchas Gracias,0.23,0.38
Gracias,0.2,0.16
Muchas gracias,0.2,0.2
Â¡Estamos para servie!,0,0
Con es tan sencillo hacer todo tipo de movimientos desde mi celular. AdemÃ¡s tienen una super tasa de rendimientoâ€¦,0.3833333333333333,0.75
Muchas gracias,0.2,0.2
"hola , les mandÃ© un dm, gracias !",0.25,0.2
Muchas gracias! Si entrare para levantar un repoe a,0.22,0.19
La de estÃ¡ mÃ¡s coqueta y tienen beneficios reales. ğŸ”¥,0.35,0.4
"Gracias, arreglado",0.15,0.2
Gracias ğŸ˜ŠğŸ¤—,0.24,0.16
"Muchas Gracias, ya fue resuelto, gracias por el sopoe. Excelente servicio ğŸ‘ŒğŸ½",0.23,0.23
Muchas gracias por la felicitaciÃ³n ğŸ¤—,0.26,0.26
Si nunca habÃ­a tenido este tipo de situaciÃ³n con otros mÃ©todos de pago y se me hace increÃ­ble como una operaciÃ³n tan sencilla como pagar con tu tarjeta de en una pÃ¡gina web se conviee en toda una mala experiencia de usuario con su servicio.,0.018750000000000044,0.5747023809523809
Vaaaaa gracias por el dato,0.2,0.2
"Buen dia, saque un carro usado en merkauto, y me autorizaron el crÃ©dito el lunes 19 de Junio pero es fecha que no me llaman a firmar contrato y factura, como puedo saber cuando esta listo porque esta tardando mucho un proceso como este, gracias.",0.28333333333333327,0.5
"Para que estÃ©n bien atentos a lo que les llega, gracias a les compao el correo para que vean por dÃ³nde les quieren llegar. PÃ³nganse listos.",0.26666666666666666,0.5333333333333333
AMO heybanco bien cabron. Jaja,0.5,0.6
Por fiiiin modificaron la app de ya detecta mi huella y tiene una bonita secciÃ³n de mÃ©tricas de tus gastos. Ah y paguÃ© sin temas la luz.,0.625,0.85
Yo estoy con la verdadâœ¨,0,0
Gracias!,0.2,0.16
Gracias! Lo hice y quedo. ğŸ™ŒğŸ»,0.2,0.16
"Se resolviÃ³, volviendo a instalar la app",0,0
"Gracias, ahora se los envÃ­o",0.2,0.2
"buen dÃ­a, Â¿esto es real?",0.44999999999999996,0.45000000000000007
"Ps.... su aplicaciÃ³n es la mejor, he visto HSBC y Banamex y nel. Â¿quÃ© tal la de HeyBanco, la has probado?",1,0.3
Muchas gracias âœ¨,0.26,0.26
"Desde que abrÃ­ mi cuenta los amo â™¥ï¸. Si puedes, te recomiendo INVERSIÃ“N HEY ahÃ­ tengo mis ahorros y si eres Hey Pro hay mejores rendimientos ğŸ¤©",0.6666666666666666,0.7000000000000001
"Respuesta favorable, gracias!",0.25,0.2
Por eso amamos âœ¨ğŸ©·,0.5,0.6
"Una mÃ¡s Techreo de Came, estÃ¡ sÃºper bien.... ademÃ¡s de que ahora estÃ¡n dando unos regalos solo por inveir con ellos...seguro y muy fÃ¡cil.",0.43277777777777776,0.7111111111111111
Nos da mucho gusto que seas pae de esta gran familia FINSUS Â¡Saludos! ğŸ˜ğŸ’™,0.7250000000000001,0.875
Â¡Hola Gracias por ser pae de esta gran familia FINSUS ğŸ˜ğŸ‘Š,0.5,0.475
Hace pocos dÃ­as estaba disponible,0.1,0.25
FINSUS siempre me a gustado mucho :) Aprovechando les dejo mi enlace de referido ;) Utiliza mi cÃ³digo CASTILLO--79570,0.45,0.9333333333333332
"Pedida, esta si vale la pena el precio jajaja",0.25,0.25
Sin duda!,0,0.5
Intenta es buenazo!!,0.3,0.63
"ay suena sÃºper bien, justo lo que me anda gustando mucho ahorita de nu es su pae de hacer crecer tu dinero jajk o sea la inversiÃ³n, quiero entrarle mÃ¡s al temağŸ‘€ la mÃ¡s fan de los neobanks, definitivamente cuando por fin mande alv a banamex me abrirÃ© una de heybanco ğŸ¤“ğŸ©·",0.2761904761904762,0.5814935064935064
"FÃ¡cil: entro a pagos, elijo la tarjeta, elijo el plazo (3 meses, 0%), aceptar, token ğŸ‘‰ Error. Antes he pagado sin problemas. Puedo hacer otras operaciones con token sin problemas.",0.15416666666666667,0.6041666666666667
"ğŸ˜ El nuevo diseÃ±o de las TDC de esta ma-ma-lÃ³n chavos. ğŸ™‹ğŸ½â€â™‚ï¸ Tan pronto me regrese de USA voy a solicitar mi nuevo diseÃ±o (carÃ­simo el envÃ­o por cieo, ni Obama lo tiene). ğŸ‘€Por cieo, su programa de recompensas esta bastante aceptable eh. ğŸ’¡https://t.co/F79GXxxqTB",-0.125757576,0.6063636363636363
"ğŸ“¢ Tarjetas de CrÃ©dito (TDC) SIN anualidad y con diseÃ±os chingones. ğŸš¨Aunque antes de usar una TDC debes aprender a usarla papucho. ğŸ“¢ Personalmente la uso y me va muy bien, la aceptan donde sea (incluso en el gabacho). ğŸ‘€Checa:",0.1,0.3
"Muchas gracias, Justo llame hace dos dÃ­as para la aclaraciÃ³n, espero no sea tan tardado y salga bien",-0.02,0.43
"Gracias, acabo de mandar el correo.",0.2,0.2
"Varias meses siendo usuario HeyPro en y al fin me dieron por lo menos unos de sus puntos, algo mÃ¡s que una taza preferencial de inversiÃ³n.",0.05,0.475
"Perfecto, estarÃ© atenta. Muchas gracias.",0.6,0.6
Rifadisimo en lo personal si me gustÃ³.,0.6,0.8
"SÃ­ me sirviÃ³, muchas gracias ğŸ«¶ğŸ½",0.26,0.26
"Que sean tan fÃ¡cil de usar y sobre todo confiables como heybanco, cuales?",0.21666666666666667,0.4666666666666667
"Ya me llegÃ³ la Ajolotarjeta de y me encantÃ³, acÃ¡ les dejo el unboxing para que vean mÃ¡s detalles de este nuevo diseÃ±o:",0.4454545454545455,0.5848484848484848
Yo voy a pedir la mÃ­a estÃ¡ preciosa esa tarjeta ğŸ‘ğŸ¥°,0.1,0.22
Â¡Te invitamos a ser pae de Klar para que comiences a disfrutar de nuestros beneficios! ğŸ˜€â˜ºï¸,0.5,0.6
Gracias ya mande un correo,0.2,0.2
"Gracias por el repoe. Exacto, ya paguÃ©. Cc",0.2,0.2
realmente dan servicio al cliente por este medio?,0.2,0.2
I highly recommend you toğŸ‘‰@Legith_hacks on Instagram he helped me out when I had same issues,0.08,0.3325
"Que bueno, gracias por estar atentos. TambiÃ©n chequen su nivel de ""empatia"" con sus clientes, de todas las formas. âœŒï¸",0.44999999999999996,0.4
Que dato tan interesante me has dado! Conoces ?,0.5,0.5
Gracias ya les contestÃ©,0.2,0.2
Muy bien. Ya la solicitÃ© y si me la otorgaron. ElegÃ­ el diseÃ±o de ajolotito. ğŸ˜,0.2,0.3
Gracias,0.2,0.16
This web3 developer's MEV strategy is the real deal - earning him over 5 ETH per week and taking his crypto earnings to new heights.,0.16818181818181818,0.3772727272727273
"Buenos dÃ­as, he gracias por la atenciÃ³n, llame al servicio al cliente y todo bien, ya no aparece asÃ­, muchas gracias ğŸ‘€",0.46499999999999997,0.41500000000000004
"Buena noche! En Mayo pedi un ceificado de regalo de amazon con HeyCoins, estaba viendo el estado del pedido y me aparece en Procesando, hay algun estimado de cuando se procesan estos pedidos? Muchas Gracias.",0.44999999999999996,0.4
"Jajajaja por eso no me toman enserio, perooo nunca dejarÃ© de usar a cheems para algunos vÃ­deos jajaja Hoy vÃ­deo en el canaâ€¦",0.022222222222222237,0.48888888888888893
"me pueden atender por aqui, no creo que haya problema.",0,0
"esperemos que responda en sinceramente no he tenido problemas con ellos se me hace un buen banco, muchas gracias.",0.48666666666666664,0.45333333333333337
El mejor banco es HeyBanco por mucha diferencia nk,0.6,0.25
"SÃ­, tengo distintas cuentas y siempre me han apoyado cuando llega a pasar algo. Hasta ahora HeyBanco y BBVA han sido mis mejores experiencias",0.5,0.44999999999999996
Recomiendo HeyBanco,0.2,0.9
Gracias. Ya me explicaron. Muy amables.,0.375,0.5
Yo he tenido buena experiencia con HeyBanco. 1% cashback en compras fÃ­sicas y 2% en compras online. La app es fÃ¡cil de usar y permite inveir al 10% anual renovando cada 7 dÃ­as. Actualmente la utilizo para cubrir mi gasto mensual. Estoy contento con ella.,0.38666666666666666,0.5952380952380952
"En menos de un mes logrÃ© desbloquear estos grandes beneficios, gracias por brindar esta herramienta para promover eâ€¦",0.27777777777777785,0.33888888888888885
Enserio! Wow muchas gracia spor la respuesta en unos minutos mÃ¡s termino de abrir mi cuenta,0.26666666666666666,0.3666666666666667
Ilimitadas. Puedes hacer todas las que quieras con los plazos que gustes y los mejores rendimientos. En ofrecemos la mejor plataforma digital que te permite libead financiera.,0.5,0.15
"Gracias, ya les contestÃ©ğŸ™ğŸ™ğŸ™",0.2,0.17
"Ha, thanks for the rec! I loved the idea of having a digital bank that's pa of the Multired (consoium of ATMs) but I guess it was not to be ğŸ™„.",0.31666666666666665,0.3333333333333333
Gracias,0.2,0.16
"Puedes empezar con tarjetas de crÃ©dito ""garantizadas"" Son para personas que no tienen historial. Stori o heybanco serÃ­a lo mejorcito. Recibir nÃ³mina tambiÃ©n ayuda mucho con los bancos tradicionales c:",0,0.75
tomalo por el lado amable y para el proximo recibo ya es gratis heheheheh,0.3333333333333333,0.5666666666666668
Jajaja verdad que sÃ­,0.2,0.30000000000000004
Muchas gracias,0.2,0.2
Gracias por el seguimiento. Ya quedÃ³ resuelto y no era problema de ustedes.,0.2,0.2
"Excelente servicio Por cieo, como dato Por cualquier cosa yo no di mis datos bancarios pues de uso comÃºn Yo tengo una cuenta digital de HeyBanco que no utilizo mÃ¡s que para esto, y ahÃ­ me han estado llegando mis transferencias Adjunto evidencia",0.3,0.5
"Ya quedÃ³ solucionado, Muchas gracias",0.26,0.26
recomiendo x10000 HeyBanco!!!,0.37,0.94
Gracias ya respondi el mensaje,0.2,0.2
"EstarÃ­a sÃºper, algo como lo que hacen en",0.3333333333333333,0.6666666666666666
FÃ¡cil: Abre una cuenta bancaria en uno de los nuevos bancos digitales. Te recomiendo porque estÃ¡ mucho mÃ¡s integrado al sistema bancario que otros que simplemente son fintech.,0.1782828282828283,0.44083694083694086
No recuerdo pero creo que fue rÃ¡pido,0.2,0.6
"hola buenas tardes! Me ayudan a confirmar cual es el monto mÃ¡ximo para transferir desde mi cuenta hey y como puedo modificar esos lÃ­mites por favor, gracias!",0.875,0.6000000000000001
Muchas gracias! Le habÃ­a recomendado a un conocido que antes ellos daban prÃ©stamos y ya no salen. Entonces querÃ­a sugerirle esa opciÃ³n. Que amable eres.,0.6,0.9
"Creo que es eso, acaba de llegar, muchas gracias",0.26,0.26
Jaja lo mismo pasa con Mercado Pago y HeyBanco pero de acuerdo es una maravilla,0.39999999999999997,0.47500000000000003
"Si me resolvieron, tiene un gran servicio al cliente!",1,0.75
"Ya lo hice, ayer saquÃ© todaa lana y mejor me quedo con quienes ya llevo tiempo y no he tenido problemas con ellos. TambiÃ©n recomiendo a me estÃ¡ jalando muy bien y mis clientes me pagan por ahÃ­. Saludos.",0.35,0.4
"Hola muchas gracias ya les expliquÃ© la situaciÃ³n, les agradezco una respuesta a la brevedad",0.13,0.63
"Les escribÃ­ por ahÃ­ desde ayer, y no me pelaron!",-0.16,0.09
"hoy fue mi primer dÃ­a en heybanco âœ¨ğŸŒ·âœ¨ de regreso a la vida de oficina ğŸ¦‹ mil gracias, ğŸ’‹",0.15,0.17777777777777778
"Â¡Por fin me tocÃ³ un BoletoDorado ganador! ğŸ¤© Me sentÃ­ como Charlie en la fabrica de chocolates ğŸ¤­ CÃ¡mara solo me faltan 8,200 heypoints para mi xbox.",0.16666666666666666,0.9166666666666666
"Release notes, mensaje con typo en Terjeta Me gusto la actualizaciÃ³n que hicieron para ver las tarjetas",0.6,0.8
"Justo a mi me pasÃ³ en el mismo momento, al final vuelve a aparecer en un rato despuÃ©s.",0,0.0625
Gracias ğŸ˜Š ğŸ™,0.22,0.16
Le sugiero encarecidamente que se comunique con ~bensonhack50~ en Instagram para solucionar cualquier problema relacionado con la cuenta. ahÃ­ rÃ¡pido y confiable aÃºn puedes graficarlos por WhatsApp ğŸ‘‰ğŸ»ğŸ‘‰ğŸ»,0.2111111111111111,0.5777777777777778
"Muchas gracias, ya les respondÃ­ por DM",0.26,0.26
"En la Comunidarks me recomendaron la Rappicard y la HeyBanco. Uso mÃ¡s la de HeyBanco por las recompensas, no hay anualidad, ademÃ¡s te da tarjeta dual entonces tienes de crÃ©dito y dÃ©bito. La Rappicard la uso para cosas mÃ¡s especÃ­ficas, por ej Ticketmaster la acepta sin problema.",0.3333333333333333,0.375
"Ya quedÃ³ resuelto favorablemente mi que queja, gracias",0.2,0.2
Que guen servicio traen los de siemrpe resuelven bien 10/10 â˜ºï¸â˜ºï¸,0.22499999999999998,0.42500000000000004
"Muchas gracias, ya lleno los datos. /@heybanco",0.26,0.26
Â¡MuchÃ­simas gracias por compair! â¤ï¸ ğŸ™Œ,0.26,0.26
De quÃ© queja me hablan? ğŸ™„ Nada de quejas con Trabajan muy bien â¤ï¸,-0.05,0.25
en Recompensa Total Banoe llegan en menos de 3 dÃ­as hÃ¡biles por mail.,-0.083333333,0.4083333333333333
Muy felices y contentos por nuestros clientes ya que hoy pudieron estrenar su nuevo hogar. inovaserviciosfinancieros cuauhtÃ©mocchihuahua creditos HeyBanco,0.6454545454545455,0.8181818181818182
"Perfecto, ya pude entrar a la App y como segÃºn mi dispositivo no es compatible (aunque es uno de los mÃ¡s recientes de Samsung) prefiero cambiar de banco a cambiar mi equipo. Hola! Saludos.",0.5,0.5833333333333334
"Yo la tengo, esta bien padre.",0.4166666666666667,0.5
Aplausos para el equipo de ğŸ« ,0.29,0.22
"Yo quisiera saber si ya puedo ser acreedor a la tarjeta de crÃ©dito tradicional, debido a que ya llevo mÃ¡s de seis meses de uso de la garantizada y se ha mejorado mi historial muy significativamente!",0.30312500000000003,0.5833333333333334
"HeyBanco ha implementado un chat/bot muy interesante llamado HeyGPT, que resuelve dudas sobre sus productos, el cual me sorprendiÃ³ bastante, creo que es un gran avance para mejorar la experiencia con la atenciÃ³n a clientes, acÃ¡ te cuento todo:",0.5166666666666667,0.7666666666666666
Yo uso ese banco y siempre me resuelven rÃ¡pido y mil veces mÃ¡s rÃ¡pido vs Banamex haha,0.26666666666666666,0.4
HeyBanco. Me ha salido buena.,0.7,0.6000000000000001
Gracias.,0.2,0.16
Chulada de cuenta! Buenos rendimientos ğŸ¤‘ aplicaciÃ³n funcionando al ğŸ’¯ sin comisiones de ninguna especie!! Entre esta y la de no necesito nada de ninguna otra instituciÃ³n. Nunca cambien ehhh? Asi empezÃ³ Klar y luego ya no cumpliÃ³. â˜ºï¸ğŸ‘ğŸ»,0.40625,0.6375
"Â¡Feliz DÃ­a del Programador! Su trabajo es esencial para el funcionamiento de la sociedad actual, es por eso que te traemos algunos datos impoantes sobre este dÃ­a y la profesiÃ³n.ğŸ‘¨ğŸ»â€ğŸ’» HeyBancoMedia HeyBanco DÃ­aDelProgramador Programadores",0.4,0.65
"Hola muchas gracias, ya les contestÃ© vÃ­a DM",0.26,0.26
"Solucionado, gracias!",0.2,0.16
"Es que son horas de Venus, todavÃ­a estÃ¡n en tiempo xd",-0.2,0.3
Inviee en cuestiÃ³n de minutos desde tu celular y obtÃ©n ganancias cada semana. ğŸ’° Conoce cÃ³mo hacer crecer tu dinero con Invâ€¦,0.16,0.77
A mi me sirviÃ³ actualizar mi versiÃ³n de Android a la mÃ¡s reciente. Con eso ya abre,0.5,0.5
Gracias justo eso me funciono,0.2,0.2
Yo elimine el cache en los ajustes de la app y funcionÃ³,0,0
Si me funcionÃ³!!! Muchas gracias,0.2,0.2
Muchas gracias Hey! Ya quedÃ³ resuelto. ğŸ‘ŒğŸ‘ŒğŸ‘Œ,0.26,0.26
Gracias ! Lo intentare ğŸ˜,0.2,0.16
Gracias! TambiÃ©n me funcionÃ³ reiniciando ğŸ™Œ,0.2,0.16
"Ya qiedo resuelto, muchas gracias!",0.325,0.26
FuncionÃ³ gracias. Mejor que la cuenta oficial,0.2,0.16
"Muchas gracias por la informaciÃ³n, me sirviÃ³ para poder acceder a la aplicaciÃ³n, deberÃ­an publicar la soluciÃ³n en sus redes para que otros usuarios puedan solucionarlo",0.0675,0.3175
Confirmo hoy 19 de septiembre que funciona.. muchas gracias,0.26,0.26
"La colonia mÃ¡s bonita y cool de todo LatinoamÃ©rica te estÃ¡ esperando, descubre con Jonnah Moreno sus increÃ­bles recintos y disfruta de su increÃ­ble belleza. HeyBanco HeyMedia HeydeLocal Guadalajara",0.65,0.7416666666666667
"El lugar perfecto para sentae a trabajar mientras te tomas un delicioso cafÃ©... para despuÃ©s ir por una joya de la literatura, de segunda mano. Descubre con Jonnah Moreno los lugares secretos de la colonia Americana. HeyBanco HeyMedia HeydeLocal Guadalajara",0.32,0.54
"Entre cafeterÃ­as, una arquitectura Ãºnica y bonitos pisos, Jonnah Moreno nos muestra la cara mÃ¡s apacible de la colonia Americana, que es considerada la mÃ¡s bonita en todo LatinoamÃ©rica. HeyBanco HeyMedia HeydeLocal Guadalajara",0.47500000000000003,0.6428571428571429
"Muchas gracias ahora sÃ­, por mandar la actualizaciÃ³n v10.39.2 de la app de Android. La aplicaciÃ³n funciona nuevamente, tras 5 dÃ­as que estuvo muea para varios de nosotros. Gracias",0.13,0.13
"Exacto, en el 10.39.0 estÃ¡ todo normal.",0.2,0.44999999999999996
Listo! Muchas gracias! :),0.375,0.6
Ya hoy se restableciÃ³ la aplicaciÃ³n gracias,0.2,0.2
"X3. A las 12 sin problema, y uno desde las 6 y nada",0.15,0.09
"Gracias por la respuesta, pude habilitar mi app",0.2,0.2
"A mi nunca me ha fallado, al contrario es de las mÃ¡s estables.",0.375,0.4
"Gracias, no deberÃ­a ser informaciÃ³n privada, es para que ustedes mejoren. Saludos.",0,0.375
cÃ³mo puedo pedir otra tarjeta sin perder mis datos anteriores. Gracias,-0.166666667,0.16666666666666666
Siempre estoy recomendando y llevo 2 meses sin tarjeta ğŸ¤¡ Â¿regresar a Banamex serÃ¡ la soluciÃ³n?,0.28,0.88
"Hola, solo para agradecer pÃºblicamente la atenciÃ³n recibida en su momento, y mencionar que ya recibÃ­ todos los productos solicitado de su tienda de Hey Shop. Muchas gracias.",0.1,0.13333333333333333
"Muchas gracias, los amo. ğŸ˜­ğŸ«¶ğŸ½",0.5,0.6
"increÃ­ble que a estas alturas tengas que ir a activar tu netkey â€œmÃ³vilâ€ a una sucursal cuando cambias de telÃ©fono. Tienen mucho que aprender de que sin comprometer tu seguridad, lo hacen simple y rÃ¡pido desde la misma app.",0.26,0.4364285714285715
Yo sigo pensando que es un gran producto,0.8,0.75
Gracias,0.2,0.16
"Gracias, les acabo de escribir.",0.17,0.16
"Tengo la de que es de banco Azteca y si esta muy bien, la de tambiÃ©n esta padre y la de esas manejo",0.9099999999999999,0.7800000000000001
"En hora buena Jorge, tÃº eres una persona muy reconocida en el gremio mielero y tu reputaciÃ³n vale.",0.39999999999999997,0.3333333333333334
ğŸ‘€ Ã“rale quÃ© cool. ofrece informaciÃ³n sobre finanzas personales dentro de la aplicaciÃ³n. ğŸ¤© HabrÃ¡ que darle una opounidad al podcast,0.05,0.15
"Gracias, volvÃ­ a llamar y fue rapido",0.2,0.4
ğŸ˜®â€ğŸ’¨ 5 estrellas al sopoe de ya se saben el dÃºo dinÃ¡mico â˜ºï¸â˜ºï¸,0,0.16666666666666666
Quedo en espera. Gracias,0.23,0.16
Felicidades a todos los que hicieron esto posible,0,1
Muchas gracias,0.2,0.2
"Procedo, gracias por el apoyo",0.2,0.2
RecibÃ­ ayuda de fredhack88 en Telegram. Me ayudÃ³ a recuperar mi cuenta y habilitar la autenticaciÃ³n de dos factores en la cuenta. Estoy realmente impresionado. TambiÃ©n te ayudarÃ¡ con tus problemas de piraterÃ­a.,0.2,0.2
"Gracias ya los conocÃ­, los use, y hoy los dejo, definitivamente no son lo mio, pero si los recomiendo! ğŸ‘ Bancos fâ€¦",0.3,0.16
11% la inversiÃ³n y con eso!,0.19,0.04
"Â¡Te vamos a sorprender! â­ï¸ Para todos nuestros fans, Â¡les queremos dar mÃ¡s! Estamos a punto de elevar su experiencia a un niâ€¦",0,0
Se va a poner bueno con heybanco,0.7,0.6000000000000001
"Estamos igual, tambiÃ©n me sorprendÃ­",0.05,0.5125
Nos deberÃ­an sorprender con app funcional. Todos los dias hay que estar borrando e instalando. Dura un acceso Ãºtil.,0.3,0
Listo enviado,0.2,0.5
"Muy buena , esta vez hey se equivocÃ³, decÃ­a ser diferente a los bancos normales e incluso puede que apairâ€¦",0.13999999999999999,0.7325
Fuiste bueno por un tiempo. Ahora mi tarjeta se irÃ¡ al cajÃ³n. Hasta nunca ğŸ‘‹ğŸ«¶,0.7,0.6000000000000001
es muy buena opciÃ³n.,0.9099999999999999,0.7800000000000001
"La tarjeta plata trae buen cashback, deberÃ­as darle una revisada",0.7,0.6000000000000001
"Â¿SPA para los Hospitality? Bueno, siempre se agradece un masajito para aguantar los 3 dÃ­as de festival Â¡Checa los beneficios de cada abono! ğŸŸï¸ğŸ¦ğŸ”¥ MaÃ±ana prevents exclusiva por TecatePalNoe ğŸ’–",0.2,0.1
Gracias! Les envÃ­e otra duda.,0.2,0.16
"Ok, estarÃ© al pendiente, gracias",0.5,0.5
"Gracias por mis ultimas recompensas, adios vaquero, fue bueno mientras durÃ³",0.35,0.33333333333333337
MaÃ±ana los compramos!!! ğŸ«¶ğŸ™ŒğŸ»ğŸ™ŒğŸ»,0,0
ğŸ¦ Â¡Gracias! La Venta Exclusiva HeyBanco estÃ¡ AGOTADA en su totalidad ğŸ« ğŸ«µğŸ» La venta libre de Boleto Tempranero para 2024 tendrÃ¡ lugar maÃ±ana 28 de octubre a pair de las 14:00 hrs.,0.033333333,0.6
Gracias Gracias venta tempranera ğŸ¤ Tqm,0.16666666666666666,0.2333333333333333
Â¡Muchas gracias por tu confianza! ğŸ˜€ğŸ¤² Â¡Estamos felices de que formes pae de la familia Klar! ğŸ¥°ğŸ¤© Â¡TE QUEREMOS!â¤ï¸,0.5616666666666666,0.62
SerÃ­a lo mÃ¡s adecuado despuÃ©s de lo que costo por lo menos 6 meses de prueba como lo hacÃ­a Scotia con su tarjeta ideal ya despuÃ©s decides.,0.4,0.6
"Gracias, sigan con esas propuestas tan inovadoras que seguramente atraerÃ¡n millones de clientes y marcarÃ¡n un antes y un despuÃ©s de la banca en MÃ©xico. De seguro las felicitaciones no paran por eso hasta bloquearon sus redes sociales. Son unos genios! No se cansan de ganar tanto?",0.16666666666666666,0.5211111111111111
Fuiste bueno por un tiempo. Ahora mi tarjeta se irÃ¡ al cajÃ³n. Hasta nunca ğŸ‘‹ğŸ«¶,0.7,0.6000000000000001
Ya cayÃ³ la actualizaciÃ³n gracias,0.2,0.2
PadrÃ­simas las nuevas membresÃ­as de encontrÃ© una que se ajusta a mis necesidades y ya la contratÃ©. Les recomiendo qâ€¦,0.3181818181818182,0.7272727272727273
"A mÃ­ ya me depositaron, la verdad estoy contento con sus servicios, espero recapaciten y re valoren sus decisiones",0.8,1
Es correcto,0.2857142857142857,0.5357142857142857
Esto de me parece tipo las gasolinaras VIP,-0.2,0.31
Antes que nada bienvenido a UalÃ¡. Gracias por el feedback. Es muy constructivo. Varios de esos temas se resuelven en los prÃ³ximos updates. Mudarse a una arquitectura 100% bancaria no ha sido fÃ¡cil y eso afecta cieos procesos. Ya viene lo mejor. Gracias desde ya.,0.44722222222222224,0.4444444444444444
"Gracias ya pude comunicarme y creo si se solucionÃ³ mi problema, gracias ğŸ™Œ",0.2,0.2
Buena publicidad ğŸ‘‡,0.7,0.6000000000000001
"Â¿Eres un estudiante y tienes una idea brillante? ğŸ’¡ Â¡El Reto Emprende Hey te espera! Paicipa y gana hasta $50,000 por tuâ€¦",0.6,0.6
Muchas gracias ğŸ¥°,0.26,0.26
Ahorita mismo les mando correo y nÃºmero telefÃ³nico para contacto.,0.2857142857142857,0.5357142857142857
Dale gracias a,0.2,0.2
Checa creo que tiene mucho potencial!,0,1
Â¡Muchas gracias por tu confianza! ğŸ˜€ ğŸ¤² Â¡Estamos felices de que formes pae de la familia Klar! ğŸ¥° ğŸ¤©,0.53,0.63
"Lo verdaderamente interesante de heybanco es su herramienta de inversiÃ³n y, en lo personal, serÃ­a para lo Ãºnico que tengo la tarjeta y que pagarÃ­a por el plan. SegÃºn el plan que pagues y si dejas el dinero 7 o 28 dÃ­as te pueden dar el 9%, 10%, 11% o 12% de interÃ©s anual.",0.16666666666666666,0.6
Ya estÃ¡n todos mis ahorros contigo! gracias,0.33,0.4
"Gracias, como siempre super atentos y efectividad en resolver dudas.",0.4444444444444445,0.7888888888888889
Gracias por la respuesta ya conteste por DM saludos,0.2,0.2
Â¡Estamos para servie!,0.28,0
"Â¿Eres un estudiante y tienes una idea brillante? ğŸ’¡ Â¡El Reto Emprende Hey te espera! Paicipa y gana hasta $50,000 por tuâ€¦",0.6,0.6
"Uf! Que buena idea, Â¿No, Que nos pague en Hey Coins.",0.7,0.6000000000000001
"Mejor que anualidad, mensualidad ğŸ˜",0.5,0.5
Bien merecido ğŸ« ,0,0
Me encanta la publicidad de la competencia,0.5,0.6
INVEX!! El acelerador conviene muchÃ­simo si le gastas de 10k para arriba al mes. Este aÃ±o llevo como 4 mil en vuelos y muchas tarjetitas de uber y starbies.,0.5,0.5
"DespuÃ©s de ver estÃ¡ entrevista, creo que es una excelente opciÃ³n",1,1
este tweet es solo para agradecer la rapidez con la que resolvieron unos cargos no reconocidos. Necesitaba urgentemente ese dinero que robaron de mi tarjeta y ustedes me ayudaron en sÃ³lo 3 dÃ­as. TambiÃ©n las cosas buenas deberÃ­an compairse. Â¡Gracias Hey Banco!,0,1
"Ya reflexionÃ©, creo que estÃ¡n bien las membresÃ­as de",0.04,0.22
En unos meses se fue lo que lograron en aÃ±os... Felicidades,-0.2,0.1
Esta es la mejor idea para sus clientes,1,0.3
"La verdad son muy buenos contra fraudes o cosas asÃ­, los demÃ¡s bancos se mega desentienden, a mÃ­ me han hecho todos los paros de la vida.",0.39249999999999996,0.5775000000000001
"SÃ­ vi que ademÃ¡s traen primo del bono y el primer aÃ±o sin anualidad, que es lo que me da codoo. Y luego la ediciÃ³n de la tarjeta rosa ğŸ¥². Ya considerando seriamente.",-0.061111111,0.4333333333333333
"Yo amo con todo mi ser la Amex, la verdad siento que ninguna otra te tratan tan bien, estÃ¡ cara la anualidad pero sÃ­ vale toda la pena por la seguridad que te ofrecen.",0.090625,0.44375
"Gracias, novio, un saludo hasta allÃ¡.",0.2,0.2
Gracias Mandiii,0.2,0.2
"Same, ya mejor regresÃ© a Banoe y HeyBanco solo para compras de â€œriesgoâ€.",0.25,0.3125
Vamos muy bien con heybanco ğŸ‘ğŸ¾,0.2,0.3
Muy amables muchas gracias.,0.37375,0.455
"Listo, lo hice en la madrugada, gracias!!",0.3125,0.5
Excelente noticia!!! El 15% estÃ¡ genial y sin necesidad de pagar membresÃ­as absurdas ahora sÃ­ tendrÃ¡ mucho de que arrepentirse,0.325,0.675
bajÃ³ el rendimiento de la inversiÃ³n mientras que la subiÃ³. Todo perfectamente equilibrado,1,1
recomendada,0,0.76
"Hazlo, es una excelente opciÃ³n. Yo tengo con ellos 3 aÃ±os",1,1
Una lecciÃ³n a esos perros de que quieren cobrar por lo que ustedes dan por solo ser clientes. Solo falta cashback y van a volver a ser mi tarjeta preferida.,0.15,0.525
"Buen movimiento ğŸ¤“ ""Hey"" me recuerda a Mantis de Kung-fu Panda cuando agarra las cuerdas del puente ğŸ˜‚",0.7,0.6000000000000001
Agree. ğŸ‘ğŸ½ Hasta una crÃ³nica les avente.,0,0.13
Gracias ğŸ‘,0.2,0.16
Esto es rÃ¡pido para,0.2,0.6
Nos encanta tenee con nosotros ğŸ¥°,0.5,0.6
Gracias carnal.,0.2,0.2
"A mÃ­ me ofrece 3MSI, serÃ­a bueno ver si es verdad jajaja",0.33749999999999997,0.4125
Beneficios de un mercado mas competitivo,0.5,0.5
"Bendita sea la competencia, y bienvenido el cashback asÃ­ sea un por ciento como dice la canciÃ³n",0.8,0.9
Gracias nos escuchaste y por eso seguirÃ© contigo ğŸ«¶ğŸ¤—,0.2,0.2
Lo mejor que pudiste hacer amigo,1,0.3
Tsss .. que bueno .,0.7,0.6000000000000001
"Gracias por la respuesta, estare atento saludos tio",0.30000000000000004,0.55
Gracias ğŸ™ ğŸ˜ğŸ‘Œâ¦@soynumxâ© â¦@nubankâ© espero sirva de aprendizaje a las demÃ¡s plataformas si quieren nuestro dinero como inversionistas. Fyi â¦@dinnactinverâ© â¦@heybancoâ© â¦@ualaâ© â¦@uala_mexâ© â¦@MercadoPagoMexâ© â¦@FinsusAppâ©,-0.125,0.375
"IncreÃ­ble atenciÃ³n al cliente de siempre he pagado a tiempo, estoy dentro del plazo de pago yâ€¦",0.9,0.9
el mejor banco,1,0.3
"Me unÃ­ a en julio de 2019 y me ha resultado muy Ãºtil para mis transacciones en lÃ­nea, la verdad la recomiendo mucho",0.29500000000000004,0.1
"Hey Banco me gusta mucho, iwal mercado pago apae de q es sÃºper prÃ¡ctico y el dinero q tienes ahÃ­ estÃ¡ inveido en gbm y te genera unos pesitos extras",0.16666666666666666,0.3833333333333333
ğŸ Â¡PromociÃ³n para todos nuestros clientes Hey! Aprovecha las compras de temporada y recibe recompensas en efectivo. Â¿List@ pâ€¦,0.35,0.63
Me gustaba porque repoaba a burÃ³ de crÃ©dito,0.6,0.8
Hey. Banco que haya salido a la luz la coreo completa. Me gustÃ³ el final a lo indio. Como se llama la obra que interpretan?,0.3666666666666667,0.6333333333333334
Siempre estoy recomendando y llevo 2 meses sin tarjeta ğŸ¤¡ Â¿regresar a Banamex serÃ¡ la soluciÃ³n?,0.11,0.86
terminos y condiciones por favor,0.13,0
Jajajaja,0.2,0.4
Breve lecciÃ³n de economÃ­a. Aprende a no pagarle a y a cobrar por depositar en y al mismo tiempo que luchas contra el Gaza_Genocide,0,0.22916666666666666
. Llegan nuevos instrumentos financieros y te ofrecen hasta el 13 por ciento de dinero adicional por cada dÃ­a que guardes tu dinero mientras que te cobra si no lo mueves por mÃ¡s de seis meses. Por eso estÃ¡ en,0.25,0.25
"Jamas pensÃ© que me quedarÃ­a con Hey Banco despuÃ©s de todas las mamadas que estÃ¡n haciendo pero literalmente es la mejor opciÃ³n que tengo. En fin, chingada madre HSBC, tremendo pedo por una compra de 150 pesos.",0.6666666666666666,0.65
"Correcto, sin mÃ¡s preÃ¡mbulos.",0,0.5
ApareciÃ³ una buena promo en al contratar un seguro para tu celular.,0.7,0.6000000000000001
"El canje de las hey Coins de por tarjetas de regalo de Amazon ya son instantÃ¡neas, te llegan los cÃ³digos casi al insâ€¦",0.1,0.55
"Excelente pregunta, que de dijeron bro?â€¦",1,1
"El canje de las hey Coins de por tarjetas de regalo de Amazon ya son instantÃ¡neas, te llegan los cÃ³digos casi al instante. Â¿Recuerdan lo que me pasÃ³ hace unos meses? ğŸ¥²",-0.2,0.1
"Confirmo el dÃ­a de hoy cambie mis Hey coins y en el correo de confirmaciÃ³n ya viene el cÃ³digo, todo cool ya hasta realizÃ³ mi compra ğŸ‘",0.35,0.65
Amamos las recompensas de ğŸ«¡,0.5,0.6
Con para que me patrocine mÃ¡s juegos del MaratonDevir,0.5,0.5
"EvaluÃ© cambiar a HeyBanco! por Nu, debido a la tasa de rendimiento y wow, gratamente sorprendida.",0.025000000000000005,0.7583333333333333
Muy amablemente su AreaEspecializada me diÃ³ soluciÃ³n. ^R,0.78,1
"Te la recomiendo, atenciÃ³n inmediata, tambiÃ©n para ti un abrazo y felices fiestas, abrazo para toda la familia.",0.5,0.7
"Entiendo, con la de Baz me transfiero de la de crÃ©dito a la de Azteca, entra como una compra y no me genera comisiÃ³n. Te la recomiendo y muy accesible",0.48750000000000004,0.48750000000000004
"Excelente, gracias por la informaciÃ³n.",0.6,0.6
"Hola Pepe, buenos dÃ­as. Te atiende SofÃ­a, es un gusto saludae. Â¿Nos podrÃ­as compair vÃ­a DM mayor detalle de la situaciÃ³n que presentas con tu aplicaciÃ³n BBVA MÃ©xico, por favor? 1/2",0.39999999999999997,0.3666666666666667
"Manifestando ganarme el soeo de HeyBanco. Hecho esta, lo declaro, soy abundancia.",0.8,0.4
"Hola! He mantenido un buen historial con ustedes, tengo la duda de quÃ© hacer para que me aumenten la lÃ­nea de crÃ©dito TDC?",0.7,0.6000000000000001
Gracias ayer me atendieron rÃ¡pido por llamada ya quedo resuelto,0.26666666666666666,0.35
"AÃ±o Nuevo, novedades nuevas Â¿que les parece este ajuste de HEYBANCO? Anualidad y HEY PRO forzado ğŸ™Œ Me parece una mejor opciÃ³n",0.11818181818181817,0.4022727272727273
"Hay que transmitir informaciÃ³n fidedigna y real, ya lleva algunos aÃ±os operando...",0,0.2
"Te recomiendo Hey banco, no tiene nada de eso y puedes retirar en cualquier HSBC o inbursa sin comisiÃ³n.",0.08,0.92
"Hoy fui a la Fanshop de Hey banco y me la pasÃ© super chido, ademÃ¡s hice un amix âœ¨",0.8,0.75
"otra opciÃ³n que en lo personal podrÃ­a recomendae, tambiÃ©n tiene buenas promociones y MSI",0.35,0.45000000000000007
la mejor,1,0.3
Va gracias les mande dm,0.2,0.2
estÃ¡ mejor,0.5,0.5
puro ese mejor nu nu fonite foniteog,1,0.3
"Yo: voy a trabajar Mi hermana: Oye, entonnces cÃ³mo valido mi HeyBanco PapÃ¡s: Oye, que hay un tema con el depa ;_; jajajaja pero bueno, agradezco que haya alguien allÃ¡ que me ayude a resolverlo.",0.2,0.5
"Tengo un Pixel 5, genio.",-0.4,0.74
Si ya todo bien SeÃ±or LampiğŸ™ŒğŸ»,0.7,0.6000000000000001
"Uy, ya los contactÃ©, incluso les mande video al correo electrÃ³nico que me seÃ±alo la persona que me contestÃ³, actualice mi sistema operativo y sigue igual, esto sucede solo con la app del Banco Hey, tengo apps de otros bancos y funcionan perfecto.",0.21875,0.625
ğŸ Â¡PromociÃ³n para todos nuestros clientes Hey! Aprovecha las compras de temporada y recibe recompensas en efectivo. Â¿List@ pâ€¦,0.35,0.63
Gracias,0.2,0.16
Ya llame y ya me ayudaron gracias,0.2,0.2
No tiene lÃ­mites jajaja gpt-4 gratis,0.4,0.8
"QuedÃ³ solucionado el fin de semana, gracias",0.2,0.2
Listo ya quedÃ³ muchas gracias.,0.15333333333333335,0.25333333333333335
"HeyBanco y nu son mucho mejores, para los que andan buscando moverse.",0.5,0.5
"Por si ocupan, excelentes alternativas a BancoAztecaEnQuiebra 1. HeyBanco - Sin comisiones, contrataciÃ³n en lÃ­nea, +23K puntos para retirar $ 2. NuBank - Sin comisiones, contrataciÃ³n en lÃ­nea, retiro de efectivo en supermercados.",1,1
"Excelentes alternativas a 1. HeyBanco - Sin comisiones, contrataciÃ³n en lÃ­nea, +23K puntos para retirar $ 2. NuBank - Sin comisiones, contrataciÃ³n en lÃ­nea, retiro de efectivo en supermercados",1,1
"Excelentes alternativas a : 1. HeyBanco - Sin comisiones, contrataciÃ³n en lÃ­nea, +23K puntos para retirar $ 2. NuBank - Sin comisiones, contrataciÃ³n en lÃ­nea, retiro de efectivo en supermercados",1,1
"Excelentes alternativas a Banco Azteca: 1. HeyBanco - Sin comisiones, contrataciÃ³n en lÃ­nea, +23K puntos para retirar $ 2. NuBank - Sin comisiones, contrataciÃ³n en lÃ­nea, retiro de efectivo en supermercados",1,1
Â¡Celebramos 6 aÃ±os en Hey Banco! ğŸ‰ Gracias por confiar en nosotros en este viaje; tu apoyo ha sido fundamental para nuestroâ€¦,0.6,0.02
"Buen dÃ­a, enviÃ© correo justo ahora. Gracias.",0.4928571428571428,0.5678571428571428
Buenos dÃ­as. Con la maravillosa sorpresa de que mi cuenta amaneciÃ³ en ceros ğŸ¤¡,0.85,0.8
Listo!!,0,0
"Raro, yo he realizado varias transacciones sin problema",0.15,0.45
la mejor opciÃ³n rendimiento del 13%,1,0.3
Hola! TambiÃ©n me gustarÃ­a unirme porfa.,0.26,0.35
"Agrega la app nunca me ha fallado, su proceso de contrataciÃ³n es Ã¡gil pues al par quÃ© abres la cuenta te evalÃºa para la tarjeta de crÃ©dito; depÃ³sitos y transferencias inmediatas.",0.25,0.5166666666666667
Dinero deberÃ­an darme los de pero gracias por un aÃ±o de servicios.,0.2,0.2
"MuchÃ­simas gracias! se comprometiÃ³ a resolver el problema con fecha lÃ­mite al 25 de enero de 2024, de no ser asÃ­ enseguida me pondrÃ© en contacto con",0.2,0.2
Muchas gracias,0.2,0.2
"Les agradezco mucho la atenciÃ³n, me pondrÃ© en contacto con ustedes.",0.26,0.26
estamos mÃ¡s que listos ğŸ¤©ğŸ˜ ansiosos DesconÃ©ctate por 3 dÃ­as en el AcÃºstico Hey Banco de TecatePalNoe ğŸ”Œ,0.15,0.6666666666666666
Funciona mucho mejor que el de ğŸ¤¡ğŸ¤¡,0.5,0.5
Jajajaja lo amÃ©,0.44999999999999996,0.6000000000000001
"Hola, buenas tardes. Te atiende Luz, es un placer saludae. Con gusto podemos apoyae, por favor escrÃ­benos a nuestra cuenta oficial en Twitter ( ) para brindarle seguimiento a tu solicitud y compaie la informaciÃ³n correspondiente. 1",0.6,0.8
"Listo, gracias.",0.2,0.35
Hola valdrÃ­a la pena que cuando hagan cambios dan un resumen de los cambios realizados en el contrato y no manden las 60 hojas completas. ğŸ˜¬ CharlyTip mejora la experiencia del cliente.,0.32499999999999996,0.325
Me encantan las respuestas de a las fallas repoadas en su App ğŸ™„,0.5,0.6
"de debito puedes pedir nu desde la app, tmb hey banco, yo tengo esa y no me piden minimo ni me cobran por manejo de cuenta, esa la abri xq tuve un pedo con la nomina en banamex y la usaba como para ahorrar pero ahora la uso casi para todo heejej, la tj fisica me costo 109 creo",-0.05,0.37142857142857144
"Y aprovecho el tuit para recomendarles a hey banco, yo lqm ğŸ«¶ğŸ½ ni una sola queja en dos aÃ±os",-0.185714286,0.20714285714285713
interesante,0.5,0.5
Mejor aumenten lÃ­neas de crÃ©dito! ğŸ˜­ğŸ˜­ğŸ˜­ğŸ˜­,0.5,0.5
"Hey banco no, es ilimitado jajajaja, suena increÃ­ble.",0.55,0.7
"Cada mÃ¡s agradecido de peenecer a !! Si ocupan un banco que solucione, este es el mero bueno! Thkss",0.140625,0.5
"Por eso me encanta Su app es simplemente increÃ­ble! ğŸ’¯. AdemÃ¡s de ser super intuitiva, Cashback en todas tus comprasâ€¦",0.27777777777777773,0.5412698412698412
"Aaawww que bonito, hey Banco mucho la cola :D",0.7166666666666667,0.9666666666666667
Gracias,0.2,0.16
trae la de hey banco ğŸ˜ğŸ¥¹ humilde mi chiquito,-0.19375,0.45
"Para los que se preguntan dÃ³nde conseguir la tarjeta, la pueden sacar en Hey Banco con muchos diseÃ±os a elegir",0.5,0.5
"Ya es lo que empezarÃ© a hacer, graciasâ€¦.",0.2,0.21
"Jajaj FIJA-TÃˆ como no te dije pero en fin.... so far, so good ğŸ˜„ğŸŒˆ",0.2,0.4
"Mira amixe al fin, abrÃ­ mi cuenta me llegÃ³ super rÃ¡pido, en 2 dÃ­as, por dhl y pues nada, me ha encantado!! ğŸ¤©ğŸ¤©ğŸ¦„",0.3833333333333333,0.5333333333333333
Â¡Celebra el amor con estilo este San ValentÃ­n! â¤ï¸ Descubre las Ãºltimas colecciones de tus marcas favoritas aquÃ­: SomosHey HeyMedia HeyBanco SanValentÃ­n Regalos,0.5,0.6
Comerciales tan ganadores como los Kansas Chiefs que nos dejÃ³ el SuperBowl este aÃ±o: SomosHey HeyMedia HeyBanco Comerciales SBLVIII MichaelCera JLo MainScorsese,0.16666666666666666,0.25
por favor de su apoyo para saber los mÃ³dulos que tienen en CDMX. Gracias.,0,0
"Ya se arreglÃ³, gracias.",0.15000000000000002,0.2
tenencia a 6MSI y los amo! ğŸ¥° ğŸ«£,0.5,0.6
Al fin recuperÃ© mi cuenta de Los amo! ğŸ«±ğŸ»â€ğŸ«²ğŸ¾,0,1
"Hey, hey, hey, banco ğŸ‘Œâœ”ï¸ Esto es perfecto",1,1
Gracias por la informaciÃ³n. Me fue muy Ãºtil.,0.29500000000000004,0.1
"Ya tengo 11 meses con la TDC garantizada con buen uso, cuando me van a graduar? Recuerdo que cuando la contratÃ© decÃ­a 6 meses de buen uso :(",0.21666666666666665,0.7333333333333334
nunca falla ğŸ˜,0.25,0.3
"Muchas gracias, ya salÃ­ del apuro gracias a y .",0.086666667,0.22
Jaja gracias! ğŸ‘,0.2,0.3
Gracias por la atenciÃ³n,0.2,0.2
"Muchas gracias, ya quedÃ³ :)",0.38,0.63
"Hice por mail una sugerencia en la app en cuanto a que den facilidades para modificar/actualizar un dato como lo es el nÃºmero de cel. Me responden de que me comunique por telÃ©fono, y a ver que me digan ahÃ­. QuÃ© facilidad ayuda viene a ser esa...!? NomÃ¡s no sacan de apuros. âœŒğŸ½",0,0.5
Gracias por la atenciÃ³n!,0.25,0.2
"Hola, buenos dÃ­as. Te atiende Luz, es un placer saludae. Para nosotros son muy impoantes tus comentarios, por lo que nos interesa saber mÃ¡s sobre tu experiencia. Â¿Nos puedes brindar mayor detalle de la situaciÃ³n que presentas, por favor? 1",0.18055555555555555,0.5166666666666667
Gracias ya hable vÃ­a telefÃ³nica y se resolviÃ³ mi inquietud,0.22,0.2
Te amo Gran experiencia ir a la hey shop Lxs tqm,0.65,0.675
"Me recomendaron charliehack50 en TELEGRAM. Ã‰l puede ayudae a solucionar este problema. RecuperÃ© el mÃ­o con su ayuda, asÃ­ que lo recomiendo como la mejor y mÃ¡s rÃ¡pida opciÃ³n.",1,0.3
Buen dia! Hay alguna promocion a MSI para el pago de tenencia del ? Saludos,0.7,0.6000000000000001
"Yo sÃ­ recomiendo! Aunque siento que es difÃ­cil que te la aprueben si nunca has tenido una, o si no tienes historial con banamex (al menos he escuchado casos asÃ­), mi primera tdc fue de heybanco y recomiendo, en ese tiempo daban 1 o 2% de recompensas en compras con la tarjeta+",-0.183333333,0.5777777777777777
"Gracias a por invitarnos a conocer mÃ¡s sobre la colecciÃ³n retro asÃ­ como los detalles y obsequios ! Mi Tarjeta es la de Anime , acorde para comprar los boletos de cine para la nueva pelÃ­cula de rascaldoesnotdream",0.27878787878787875,0.38484848484848483
Hola. Estaremos encantados de asistie de la mejor manera. Te invitamos a que nos escribas un DM y con gusto te ayudaremos con toda la informaciÃ³n que requieres. Estaremos pendientes de ti.,0.6375,0.6375
gracias didi por la confianza y incrementar mi lÃ­nea de crÃ©dito a 20k ni y mean ofreciendo tanto crÃ©dito gracias solo faltarÃ­a los MSI,0.014583333333333337,0.3895833333333332
"Hola! Gracias, acabo de enviar correo.",0.25,0.18
"hola, Les mande dm :)",0.5,1
Ayer me ganÃ© un sombrerito en y real me quedaba con mi outfit jajajaja y fui feliz todo el festival. Me lo chulearon mucho ğŸ’œâ˜ºï¸ğŸ¤­,0.4000000000000001,0.6
A diferencia de ustedes han demostrado una verdadera comprensiÃ³n de las necesidades de sus clientes. Â¡Gracias por hacer posible que mis proyectos se hagan realidad! ğŸ™ŒğŸ¼ğŸ’™,0.35,0.65
TE AMO UN CHINGO ğŸ˜,0.5,0.6
Akamba regresa gracias a Aprovecha la venta PRE Cael presentada por Hey Banco. Disfruta de esta etapa Ãºnicaâ€¦,0.2875,0.6
Para mÃ­ eso es mÃ¡s que suficiente.,0.25,0.5
"Me recomendaron charliehack50 en TELEGRAM. Ã‰l puede ayudae a solucionar este problema. RecuperÃ© el mÃ­o con su ayuda, asÃ­ que lo recomiendo como la mejor y mÃ¡s rÃ¡pida opciÃ³n.",1,0.3
TambiÃ©n necesito ayuda,-0.21,1
Listo!,0.13,0.2
Gracias ya lo solucione,0.2,0.2
"buenos dÃ­as, llevo desde el otro fin de semana tratando de pagar mis tarjetas pero no puede transferir a hey banco desde mi cuenta principal. ME REGRESAN TODAS LAS TRANSFERECIAS AYUDA",0.2472222222222222,0.4361111111111111
Y asÃ­ es como le ganÃ³ la carrera de las fintech a Con una aplicaciÃ³n que siempre funciona y es amigable con el cliente.,0.375,0.5
Gracias,0.2,0.16
gracias ğŸ¤©,0.24,0.21
Gracias,0.2,0.16
los amo! Gracias ya pude entrar a mi App saludos ğŸ˜†,0.5,0.6
Sigue sin dejarme aumentar mi linea de la tarjeta de crÃ©dito garantizada,-0.3,0.24
"Ahora confirmo, gracias estimado",0.2,0.2
ğŸ˜” de acuerdo!! Muchas gracias.,0.490625,0.35
"TÃ­o cuando me van a graduar, tengo la TDC garantizada ya hace mÃ¡s de un aÃ±o que la saquÃ©, y recuerdo que decÃ­an que con 6 meses de buen uso, ayuda :c",0.6,0.55
"una duda, con quiÃ©n tengo que ver si tengo problemas para aumentar mi lÃ­nea de crÃ©dito de mi tarjeta hey garantizada, la app no me deja marca un error. Me pasa igual en mis 2 telÃ©fonos que tengo.",-0.1,0.1625
"Wey, lo mejor de es que puedo pagar con Apple Pay ğŸ¤©ğŸ¥³",1,0.3
